{
    "run_id": "failure_classifier_v1_20260321_225741",
    "timestamp": "20260321_225741",
    "model_name": "failure_classifier_v1",
    "metrics": {
        "accuracy": 0.26,
        "precision": 0.26102794891541525,
        "recall": 0.25963675213675214,
        "f1": 0.2596509275658505
    },
    "params": {
        "n_estimators": 100,
        "max_depth": 10
    }
}